<?xml version='1.0' encoding='UTF-8'?>
<system creation-date="2025-05-07 22:48:56.230000" desc="" enable="False" id="579FC670-0E40-4A3F-BBC4-68053B8CEBDB" last-modified-date="" name="Controller_small_coloring"><applications><application name="RobotWare" version="6.15.8029"><settings><system-xml path="C:\Users\MCMcraft\Documents\RobotStudio\Projects\Studiju_projekts\Virtual Controllers\Controller_small_coloring\system.xml" /><key-id path="C:\Users\MCMcraft\Documents\RobotStudio\Projects\Studiju_projekts\Virtual Controllers\Controller_small_coloring\INTERNAL\key.id" /><setting-file path="C:\Users\MCMcraft\Documents\RobotStudio\Projects\Studiju_projekts\Virtual Controllers\Controller_small_coloring\INTERNAL\controller.rsf" /></settings></application></applications></system>