<?xml version='1.0' encoding='UTF-8'?>
<system creation-date="2025-05-07 19:35:13.747000" desc="" enable="False" id="648B63B5-4594-48F6-A23F-F4C9201C26B1" last-modified-date="" name="Controller_painting"><applications><application name="RobotWare" version="6.15.8029"><settings><system-xml path="C:\Users\MCMcraft\Documents\RobotStudio\Projects\Studiju_projekts\Virtual Controllers\Controller_painting\system.xml" /><key-id path="C:\Users\MCMcraft\Documents\RobotStudio\Projects\Studiju_projekts\Virtual Controllers\Controller_painting\INTERNAL\key.id" /><setting-file path="C:\Users\MCMcraft\Documents\RobotStudio\Projects\Studiju_projekts\Virtual Controllers\Controller_painting\INTERNAL\controller.rsf" /></settings></application></applications></system>