<?xml version="1.0" encoding="utf-8"?>
<SystemProperties>
  <SystemName>Controller_painting</SystemName>
  <SerialNo>VIRTUAL_USE</SerialNo>
  <UsedMedia>
    <Media path="C:\Users\MCMcraft\AppData\Local\ABB\RobotWare\RobotWare_6.15.8029" name="RobotWare" version="6.15.8029">
    </Media>
  </UsedMedia>
  <ControlModule>
    <Option descr="RobotWare Base">
    </Option>
    <Option descr="English">
    </Option>
    <Option descr="610-1 Independent Axis">
    </Option>
    <Option descr="606-1 Conveyor Tracking">
    </Option>
    <Option descr="709-1 DeviceNet Master/Slave">
    </Option>
    <Option descr="608-1 World Zones">
    </Option>
    <Option descr="616-1 PC Interface">
    </Option>
    <Option descr="623-1 Multitasking">
    </Option>
    <Option descr="Auto acknowledge input">
    </Option>
  </ControlModule>
  <DriveModule>
    <Name>Robot1</Name>
    <Option descr="ADU-790A in position X3">
    </Option>
    <Option descr="Drive System IRB 52/580/5300/5350">
    </Option>
    <Option descr="ADU-790A in position Y3">
    </Option>
    <Option descr="ADU-790A in position Z3">
    </Option>
    <Option descr="IRB580,12_1000_1220 (short arm)">
    </Option>
    <Option descr="PaintWare">
    </Option>
  </DriveModule>
</SystemProperties>