<?xml version='1.0' encoding='UTF-8'?>
<system creation-date="2025-05-08 15:29:32.582000" desc="" enable="False" id="6C9118DA-47BB-44D7-B0D6-86E64BF35A20" last-modified-date="" name="Controller_assembly"><applications><application name="RobotWare" version="6.15.8029"><settings><system-xml path="C:\Users\MCMcraft\Documents\RobotStudio\Projects\Studiju_projekts\Virtual Controllers\Controller_assembly\system.xml" /><key-id path="C:\Users\MCMcraft\Documents\RobotStudio\Projects\Studiju_projekts\Virtual Controllers\Controller_assembly\INTERNAL\key.id" /><setting-file path="C:\Users\MCMcraft\Documents\RobotStudio\Projects\Studiju_projekts\Virtual Controllers\Controller_assembly\INTERNAL\controller.rsf" /></settings></application></applications></system>