<?xml version='1.0' encoding='UTF-8'?>
<system creation-date="2025-05-12 22:03:43.116000" desc="" enable="False" id="B628686C-C79A-462B-A7E0-F5D61F888BFF" last-modified-date="" name="Controller_placing_on"><applications><application name="RobotWare" version="6.15.8029"><settings><system-xml path="C:\Users\MCMcraft\Documents\RobotStudio\Projects\Studiju_projekts\Virtual Controllers\Controller_placing_on\system.xml" /><key-id path="C:\Users\MCMcraft\Documents\RobotStudio\Projects\Studiju_projekts\Virtual Controllers\Controller_placing_on\INTERNAL\key.id" /><setting-file path="C:\Users\MCMcraft\Documents\RobotStudio\Projects\Studiju_projekts\Virtual Controllers\Controller_placing_on\INTERNAL\controller.rsf" /></settings></application></applications></system>